Sector,System,Coordinate x,Coordinate y,Owner
Abregado,Abregado,-24,-76,Galactic Empire
Abregado,Belgaroth,-26,-86,Galactic Empire
Abregado,Delphon,-38,-87,Galactic Empire
Abregado,Dentaal,-24,-81,Galactic Empire
Abregado,Diamal,-19,-87,Galactic Empire
Abregado,Eamus,-21,-70,Galactic Empire
Abregado,Frego,-10,-72,Galactic Empire
Abregado,Iphigin,0,-82,Galactic Empire
Abregado,Plexis,-19,-74,Galactic Empire
Abregado,Steelious,-30,-80,Galactic Empire
Abrion,Kamino,335,-178,The Resistance
Abrion,Roon,330,-210,Eidola Pirates
Adari,Adari,67,117,Trade Federation
Adari,Sochi,74,112,Trade Federation
Adari,Tala,82,108,Trade Federation
Airam,Bes,30,-420,Rogue Squadron
Airam,Paradise,15,-428,Rogue Squadron
Airam,Skor,48,-433,Rogue Squadron
Airam,Udnil,20,-412,Rogue Squadron
Airon,Zel,151,49,Rendili StarDrive
Albanin,Barab,430,-60,Quests
Albanin,Clantaano,418,-74,The Faerytail Family
Albanin,Daluuj,433,-64,The Faerytail Family
Alderaan,Alderaan,44,79,Tenloss Syndicate
Alderaan,Aldraig,32,70,Tenloss Syndicate
Alderaan,Cirius,37,86,Tenloss Syndicate
Alderaan,Korfo,34,88,Tenloss Syndicate
Alderaan,Skako,17,89,Tenloss Syndicate
Alderaan,Tepasi,23,92,Tenloss Syndicate
Alderaan,Tyed Kant,57,70,Tenloss Syndicate
Allied Tion,Amarin,342,272,Tion Hegemony
Allied Tion,Cadinth,339,264,Tion Hegemony
Allied Tion,Corlax,345,270,Tion Hegemony
Allied Tion,Desargorr,345,265,Tion Hegemony
Allied Tion,Dravione,360,270,Tion Hegemony
Allied Tion,Embaril,346,263,Tion Hegemony
Allied Tion,Jaminere,357,266,Tion Hegemony
Allied Tion,Spinax,334,266,Tion Hegemony
Allied Tion,Voss,352,264,Tion Hegemony
Al`Nasrl,Syvris,400,-90,Eidola Pirates
Antemeridian,Xxan,290,221,Tresario Star Kingdom
Anthos,Berchest,82,141,Trade Federation
Anthos,Korda,141,157,Trade Federation
Anthos,Paonid,137,162,Trade Federation
Anthos,Pengalan,143,147,Trade Federation
Aparo,Cadomai,305,379,Galactic Empire
Aparo,Lur,302,385,Galactic Empire
Arkania,Perave,32,130,Tenloss Syndicate
Arkanis,Arkanis,280,-268,The Resistance
Arkanis,Austan,305,-270,The Resistance
Arkanis,Geonosis,295,-250,Jawa Offworld Enterprises
Arkanis,Huldamun,285,-263,The Resistance
Arkanis,Issor,303,-235,The Resistance
Arkanis,Obana,295,-272,Triumvirate Coalition
Arkanis,Pii,290,-240,Jawa Offworld Enterprises
Arkanis,Tatoo,296,-248,Jawa Offworld Enterprises
Artesia,Artesia,210,-3,Chir’dorna
Ash Worlds,Iego,412,227,Black Sun
Astal,Skann,214,-305,TIEFE
Atravis,Atravis,15,-385,Total Outer Rim
Atravis,Mustafar,-12,-408,Total Outer Rim
Atravis,Pursin,5,-390,Total Outer Rim
Atravis,Rutan,-13,-419,Total Outer Rim
Atravis,Siluria,-15,-400,Total Outer Rim
Atrisian CW,Atrisian,-95,-50,Galactic Empire
Atrivis,Devon,10,302,Trade Federation
Atrivis,Horuz,14,307,Dukha Industrial
Auril,Auril,329,225,Tresario Star Kingdom
Auril,Bak`rofsen,344,239,Tresario Star Kingdom
Auril,Cron Drift,321,232,Tresario Star Kingdom
Auril,Forscan,339,228,Tresario Star Kingdom
Auril,Keedad,337,241,Tresario Star Kingdom
Auril,Murkhana,343,237,Tresario Star Kingdom
Auril,Ossus,327,238,Tresario Star Kingdom
Auril,Phinel's Folly,322,224,Tresario Star Kingdom
Auril,Repea,333,233,Tresario Star Kingdom
Auril,Teedio,331,232,Tresario Star Kingdom
Auril,Weyetta,313,230,Tresario Star Kingdom
Azure,Axum,-6,97,Galactic Empire
Azure,Thorgeld,-15,98,Galactic Empire
Bakura,Bakura,-235,-250,Trade Federation
Bakura,Cattamascar,-212,-243,Trade Federation
Bakura,Gymelo,-206,-257,Trade Federation
Bakura,Timora,-220,-255,The Jensaarai
Balmorra,Neimoidia,80,45,Trade Federation
Bamula,Jandur,-80,-130,The Mindabaal League
Bamula,K`taktaxka,-120,-145,The Mindabaal League
Bamula,Mindabaal,-100,-102,The Mindabaal League
Bamula,Shasfath,-110,-140,The Mindabaal League
Bamula,Trevura,-60,-160,The Mindabaal League
Bamula,Walalla,-95,-110,The Mindabaal League
Barma,Carida,52,111,Galactic Empire
Barma,Castell,48,121,Galactic Empire
Barma,Dakshee,51,105,Galactic Empire
Barma,Raithal,50,123,Galactic Empire
Barma,Shulstine,42,120,Galactic Empire
Baxel,Boltrunia,433,3,The Black Hand
Baxel,Lirra,423,-3,Eidola Pirates
Belderone,Belderone,297,257,Tion Hegemony
Belnar,Belnar,42,111,REBEL SCUM
Belsmuth,Belsmuth,170,245,Mandalore
Belsmuth,Harloen,145,245,Mandalore
Belsmuth,Mepha`as,173,230,Mandalore
Belsmuth,Shadren,157,237,Mandalore
Bheriz,Aduba,424,17,The Black Hand
Bheriz,Bheriz,443,48,The Black Hand
Bheriz,Eadu,432,49,Dynamet Corp
Bilbringi,Aphran,-70,155,Aurodium Legion
Bilbringi,Bilbringi,-74,159,Aurodium Legion
Bilbringi,O`pahz,-65,142,Aurodium Legion
Bilbringi,Rondai,-77,162,Aurodium Legion
Bilbringi,Voltare,-66,146,Aurodium Legion
Bitrose,Roost,380,-283,Stryker Military Services
Bitrose,Stoga,372,-295,Stryker Military Services
Boeus,Droecil,38,-188,Confederacy of Independent Systems
Bogden,Chagri,23,144,Confederacy of Independent Systems
Bon`nyuw-Luq,Arbran,116,-297,-ARK-
Bormea,Brentaal,8,102,Galactic Empire
Bormea,Chandrila,5,100,Galactic Empire
Bormea,Corulus,3,98,Galactic Empire
Bortele Cluster,Ingo,314,160,Tresario Star Kingdom
Bortele Cluster,Maltorian,285,144,Tresario Star Kingdom
Bortele Cluster,Sarka,272,155,Tresario Star Kingdom
Bortele Cluster,Zchtek,310,150,Tresario Star Kingdom
Bosph,Bosph,234,405,-ARK-
Bosph,Otunia,241,411,The Antarian Rangers
Bothan Space,Both,283,-133,Quests
Bothan Space,Kothlis,280,-120,Bounty Hunters Guild
Botor Enclave,Azbrian,8,-60,Galactic Empire
Botor Enclave,Botor,-20,-56,Galactic Empire
Botor Enclave,Gerrard,-20,-66,Galactic Empire
Botor Enclave,Lujo,2,-50,Galactic Empire
Botor Enclave,Shulxi,10,-55,Galactic Empire
Botor Enclave,Thomork,-10,-51,Galactic Empire
Botor Enclave,Thracior,-26,-58,Galactic Empire
Braxant,Sartinaynian,-62,407,Dukha Industrial
Brema,Callos,49,-300,Rebel Alliance
Brema,Cmaoli Di,55,-295,Rebel Alliance
Brema,Drilbia,40,-327,Rebel Alliance
Brema,Gevarno Cluster,40,-310,Rebel Alliance
Brema,Ord Ibanna,40,-320,Rebel Alliance
Brema,Sullust,55,-305,Rebel Alliance
Bright Jewel,Aleen,-3,197,Quests
Bright Jewel,Bright Jewel,-5,185,Quests
Bri`ahl,Bri`ahl,-150,-295,Alpha Medical Corporation
Bri`ahl,Kalzeron,-145,-280,Alpha Medical Corporation
Bri`ahl,Malor-77,-149,-288,Alpha Medical Corporation
Byblos,Hosnian,87,-37,Galactic Empire
Cadavine,Melida/Daan,202,-276,Falleen Federation
Cadma,Garn,401,163,Tresario Star Kingdom
Calamari,Calamari,430,245,Mandalore
Calaron,Ku`Bakai,412,111,Tresario Star Kingdom
Calaron,Rangorah,390,125,Tresario Star Kingdom
Callia,Vaxal,87,-92,Zann
Cassander,Ord Canfre,-52,302,Endless Endeavors
Cegul,Askaj,41,-446,Krath Empire
Cegul,Besberra,0,-438,Krath Empire
Cegul,Cegul,20,-440,Krath Empire
Cegul,Vizcarra,15,-450,Krath Empire
Cerean Quadrant,Cerea,-106,-270,Czerka Corporation
Cerean Quadrant,Riflorii,-90,-300,Czerka Corporation
Chiss Space,Csilla,-320,200,Chiss Ascendancy
Chommel,Chommell Minor,175,-232,Falleen Federation
Chommel,Goroth,168,-246,Falleen Federation
Chommel,Karlinus,136,-265,Falleen Federation
Chommel,Kreeling,180,-228,Falleen Federation
Chommel,Naboo,140,-268,Trade Federation
Chommel,Necr`ygor,182,-244,Falleen Federation
Chommel,Ryndellia,160,-267,Falleen Federation
Chopani,Antmuel,2,378,Black Sun
Chopani,RZ7-6113-23,12,385,Black Sun
Chorlian,Malachor,337,348,Mandalore
Churba,Basan,190,-158,Centrepoint Space Station
Churba,Bomodon,215,-150,Centrepoint Space Station
Churba,Churba,180,-162,Centrepoint Space Station
Churba,Dairka,205,-170,Centrepoint Space Station
Churba,Lelmra,185,-154,Centrepoint Space Station
Churnis,Ansion,-120,230,Galactic Bank
Churnis,Dbari,-142,190,Galactic Bank
Churnis,Malari,-108,215,Galactic Bank
Circarpous,Gyndine,135,-27,Tenloss Syndicate
Ciutric,Binquaros,104,307,Confederacy of Independent Systems
Clacis,Gwori,-37,354,Black Sun
Corellian,Baraboo,72,7,Galactic Empire
Corellian,Bellassa,74,4,Galactic Empire
Corellian,Columus,44,17,Galactic Empire
Corellian,Corellia,62,-8,Galactic Empire
Corellian,Froz,78,-10,Galactic Empire
Corellian,Goorla,60,-5,Galactic Empire
Corellian,Jaciprus,77,-5,Galactic Empire
Corellian,Leemurtoo,67,-1,Galactic Empire
Corellian,Lettow,41,7,Galactic Empire
Corellian,Namaryne,60,-2,Galactic Empire
Corellian,New Plympto,45,0,Tenloss Syndicate
Corellian,Nubus,63,-10,Galactic Empire
Corellian,Rehemsa,52,3,Galactic Empire
Corellian,Rendili,65,10,Galactic Empire
Corellian,Sedratis,54,0,Galactic Empire
Corellian,Vagran,43,5,Bounty Hunters Guild
Corellian,Voktunma,78,-7,Galactic Empire
Corellian,Xyquine,42,-6,Galactic Empire
Corporate Sector,Hiit,320,388,Corporate Sector Authority
Coruscant,Alsakan,-5,89,Galactic Empire
Coruscant,Basilisk,10,88,Galactic Empire
Coruscant,Coruscant,-15,88,Galactic Empire
Coruscant,Grizmallt,0,92,Galactic Empire
Coruscant,Ixtlar,0,83,Galactic Empire
Coruscant,Metellos,-29,86,Galactic Empire
Coruscant,Tanjay,-25,87,Galactic Empire
Coruscant,Thokos,-15,93,Galactic Empire
Coruscant,Weerden,-28,90,Galactic Empire
Corva,Eol Sha,180,384,XXX MINERS
Cronese Mandate,Argai,363,266,Athakam MedTech
Cronese Mandate,Barancar,334,249,Tion Hegemony
Cronese Mandate,Gadon,345,250,Tion Mil/Sci Industries
Cronese Mandate,Nuswatta,339,252,Quests
Cronese Mandate,Panna,359,256,Tion Hegemony
Dail,Dail,230,-350,TIEFE
Dail,Danadine,235,-340,TIEFE
Dalchon,Birjis,290,-301,-ARK-
Dalchon,Dalchon,307,-275,The Faerytail Family
Dalicron,Dalicron,-35,-400,Krath Empire
Dalicron,Renforra,-40,-430,Krath Empire
Dalicron,Vryssa,-33,-420,Krath Empire
Dalonbian,Altora,14,460,Biotech
Dalonbian,Belkadan,12,481,Biotech
Dalonbian,Birgis,30,448,Biotech
Dalonbian,Hettitite,28,419,Biotech
Dalonbian,Julevian,20,421,Biotech
Dalonbian,Lardocia,12,431,Biotech
Dalonbian,Rychel,14,445,Biotech
Dalonbian,Seline,42,415,Biotech
Danjar,Engebo,80,-390,Rebel Alliance
Danjar,Polordio,80,-360,Rebel Alliance
Dantus,Dreighton,-100,250,Veritas Press
Darlonn,Vurdon Ka,61,125,Trade Federation
Darpa,Ralltiir,14,103,Galactic Empire
Daupherm States,Cortina,-48,-56,Galactic Empire
Daupherm States,Daupherm,-30,-53,Galactic Empire
Daupherm States,Thebeon,-38,-66,Galactic Empire
Deadalis,Coth Fuuras,-80,173,Quests
Deadalis,Dorin,-94,173,Quests
Deep Core Security Zone,Besqek,-50,-10,Galactic Empire
Deep Core Security Zone,Odik,-60,33,Galactic Empire
Doldur,Boranall,155,-195,Falleen Federation
Doldur,Cavamina,174,-179,Falleen Federation
Doldur,Desstious,178,-193,Falleen Federation
Doldur,Doldur,195,-176,Falleen Federation
Doldur,Druckenwell,197,-180,Falleen Federation
Doldur,Falleen,211,-186,Falleen Federation
Doldur,Geridard,180,-189,Falleen Federation
Doldur,Linuri,168,-200,Falleen Federation
Doldur,Monor,190,-187,Falleen Federation
Doldur,Notak,205,-178,Falleen Federation
Doldur,Queel,177,-172,Falleen Federation
Doldur,Therenor,209,-198,Falleen Federation
Dolomar,Panto,-36,110,Galactic Empire
Dolomar,Twith,-35,105,Galactic Empire
Dominus,Trailia,437,208,Quatrium Disciples
Druess,Ank Kit`aar,145,-207,Falleen Federation
Druess,Fendry,200,-190,Falleen Federation
Druess,Harpori,180,-210,Falleen Federation
Druess,Klaymor,183,-215,Falleen Federation
Druess,Qiraa,136,-207,Falleen Federation
Druess,Sedesia,150,-210,Falleen Federation
Duluur,Devaron,35,-100,Quests
Duluur,Foless,30,-94,Galactic Empire
Duro,Duro,54,-13,Galactic Empire
Dustig,Malastare,78,-257,Darkness
Dynali,Ord Thoden,-86,376,Black Sun
Dynali,Taspir,-80,382,Black Sun
D`astan,Serenno,180,313,Hoersch-Kessel Drive Inc.
Eclorar,Lannik,275,-77,The Faerytail Family
Ehosiq,Shili,14,172,Quests
Elrood,Alluuvian,45,-410,Rogue Squadron
Elrood,Berea,48,-413,Rogue Squadron
Elrood,Bodrin,57,-419,Rogue Squadron
Elrood,Coyn,53,-415,Rogue Squadron
Elrood,Derilyn,52,-412,Rogue Squadron
Elrood,Elrood,55,-420,Rogue Squadron
Elrood,Halbara,61,-421,Rogue Squadron
Elrood,Kidron,54,-418,Rogue Squadron
Elrood,Korad,54,-414,Rogue Squadron
Elrood,Kuras,51,-422,Rogue Squadron
Elrood,Lanthrym,50,-418,Rogue Squadron
Elrood,Meris,56,-416,Rogue Squadron
Elrood,Tifnyl,48,-417,Rogue Squadron
Elrood,Torina,54,-411,Rogue Squadron
Elrood,Worxer,42,-416,Rogue Squadron
Emmo,Balosar,16,-41,Galactic Empire
Emmo,Chamm,30,-40,Galactic Empire
Emmo,Condular,55,-55,Galactic Empire
Emmo,Danteel,37,-47,Galactic Empire
Emmo,Gama,20,-39,Galactic Empire
Emmo,Gandeal,50,-60,Galactic Empire
Emmo,Kobaria,35,-50,Galactic Empire
Emmo,Lansono,27,-56,Galactic Empire
Endocray,Argovia,320,-160,Mando`ade
Endocray,Manda,312,-168,Mando`ade
Esstran,Ord Radama,226,329,eXiles Corporation
Esuain,Venaari,183,198,Unnamed Imperium
Fakir,Halowan,-53,122,The Invid Order
Fakir,Yirt-4138-Grek-12,-47,118,The Invid Order
Farlax,N`zoth,-70,64,Aurodium Legion
Farlax,Utos,-60,60,Aurodium Legion
Farrfin,Challon,-10,108,Galactic Empire
Farrfin,Charmath,-16,107,Knights of the Fountain
Farrfin,Farffin,-30,109,Galactic Empire
Farrfin,Mamendin,-25,110,Galactic Empire
Farrfin,Scipio,-21,103,Galactic Empire
Farrfin,Shawken,-10,105,Galactic Empire
Farrfin,Velus,-15,102,Galactic Empire
Fath,Ord Cantrell,-21,264,Eidola Pirates
Ferra,Bundil,326,-244,-ARK-
Ferra,Hypori,342,-240,-ARK-
Ferra,Naps Fral Cluster,357,-237,-ARK-
Foless,Kether,97,-131,Confederacy of Independent Systems
Galov,Opoku,398,-129,Aurodium Legion
Garis,Gazzari,83,-320,Rebel Alliance
Garis,Omwat,83,-310,Rebel Alliance
Gaulus,Ryloth,310,-295,The Exchange
Gaulus,Smuggler`s Run,340,-320,Horizon Corporation
Gendius,Gendius,-67,-308,Czerka Corporation
Gendius,Lorta,-70,-300,Czerka Corporation
Gendius,Quaensan,-75,-290,Czerka Corporation
Ghost Nebula,Celegia,189,91,The Faerytail Family
Glythe,Iridonia,-73,220,Darkness
Glythe,Nentan,-50,195,Centrepoint Space Station
Glythe,Vortex,-62,201,Quests
Gordian Reach,Krylon,198,282,Hoersch-Kessel Drive Inc.
Gordian Reach,Kushibah,214,304,Quests
Gordian Reach,Torque,207,273,Hoersch-Kessel Drive Inc.
Gordian Reach,Yavin,205,280,Hoersch-Kessel Drive Inc.
Gree,Asation,-31,441,Black Sun
Gree,Gree,-20,439,Black Sun
Gree,Licha In,-30,431,Black Sun
Gree,Lonatro,-35,436,Black Sun
Gree,Malanose,-19,430,Black Sun
Gree,Te Hasa,-25,435,Black Sun
Grohl,Calast,320,-230,The Resistance
Grohl,Koiogra,311,-226,The Resistance
Grohl,Porpor,335,-217,The Resistance
Grumani,Byllura,93,-285,Rebel Alliance
Grumani,Knel`char,70,-291,Rebel Alliance
Grumani,Republica,83,-288,Rebel Alliance
Halla,Ardroxia,304,97,Tresario Star Kingdom
Halla,Boz Pity,325,111,Sienar Fleet Systems
Halla,Cejansij,301,111,Tresario Star Kingdom
Halla,Celen,304,123,Sienar Fleet Systems
Halla,Colavas,326,132,Tresario Star Kingdom
Halla,Saari Ha,315,121,Sienar Fleet Systems
Halla,Xoman,328,121,Sienar Fleet Systems
Hapes Cluster,Algnadesh,145,106,Hapes Consortium
Hapes Cluster,Andalia,138,101,Hapes Consortium
Hapes Cluster,Arabanth,152,107,Hapes Consortium
Hapes Cluster,Archais,150,104,Hapes Consortium
Hapes Cluster,Baldavia,149,107,Hapes Consortium
Hapes Cluster,Calfa,157,100,Hapes Consortium
Hapes Cluster,Carlania,151,108,Hapes Consortium
Hapes Cluster,Charubah,142,109,Hapes Consortium
Hapes Cluster,Cheruba,145,109,Hapes Consortium
Hapes Cluster,Chosper,139,99,Hapes Consortium
Hapes Cluster,Daruvvia,139,104,Hapes Consortium
Hapes Cluster,Divora,143,106,Hapes Consortium
Hapes Cluster,Dreena,160,103,Hapes Consortium
Hapes Cluster,Ediorung,152,109,Hapes Consortium
Hapes Cluster,Farnica,147,106,Hapes Consortium
Hapes Cluster,Febrini,149,111,Hapes Consortium
Hapes Cluster,Gallinore,148,108,Hapes Consortium
Hapes Cluster,Hapes,152,106,Hapes Consortium
Hapes Cluster,Harterra,151,105,Hapes Consortium
Hapes Cluster,Jodaka,144,103,Hapes Consortium
Hapes Cluster,Jovaria,153,104,Hapes Consortium
Hapes Cluster,k'Farri,149,98,Hapes Consortium
Hapes Cluster,Ket,139,105,Hapes Consortium
Hapes Cluster,Lalmy'ash,149,105,Hapes Consortium
Hapes Cluster,Lemmi,155,104,Hapes Consortium
Hapes Cluster,Lorell,136,99,Hapes Consortium
Hapes Cluster,Lovala,140,108,Hapes Consortium
Hapes Cluster,Maad,159,111,Hapes Consortium
Hapes Cluster,Maires,141,109,Hapes Consortium
Hapes Cluster,Millinar,150,106,Hapes Consortium
Hapes Cluster,Modus,143,110,Hapes Consortium
Hapes Cluster,Nantuker,146,100,Hapes Consortium
Hapes Cluster,Novi,148,107,Hapes Consortium
Hapes Cluster,Orelon,154,113,Hapes Consortium
Hapes Cluster,Phelope,150,109,Hapes Consortium
Hapes Cluster,Queen Mother's Pearls,157,106,Hapes Consortium
Hapes Cluster,Rainboh,157,114,Hapes Consortium
Hapes Cluster,Rbollea,155,107,Hapes Consortium
Hapes Cluster,Reboam,161,106,Hapes Consortium
Hapes Cluster,Relephon,146,108,Hapes Consortium
Hapes Cluster,Roqoo,161,113,Hapes Consortium
Hapes Cluster,Rynmar,156,113,Hapes Consortium
Hapes Cluster,Sargorn,145,112,Hapes Consortium
Hapes Cluster,Selab,151,104,Hapes Consortium
Hapes Cluster,Sennex,138,102,Hapes Consortium
Hapes Cluster,Sivoria,147,105,Hapes Consortium
Hapes Cluster,Stalsinek,145,101,Hapes Consortium
Hapes Cluster,Talcharaim,147,104,Hapes Consortium
Hapes Cluster,Terephon,157,111,Hapes Consortium
Hapes Cluster,Theselon,150,107,Hapes Consortium
Hapes Cluster,Thrakia,154,103,Hapes Consortium
Hapes Cluster,Tinta,154,108,Hapes Consortium
Hapes Cluster,Tumani,153,109,Hapes Consortium
Hapes Cluster,Ut,152,105,Hapes Consortium
Hapes Cluster,Vergill,141,110,Hapes Consortium
Hapes Cluster,Wodan,146,107,Hapes Consortium
Hapes Cluster,Zadaria,150,110,Hapes Consortium
Hapes Cluster,Zalori,156,112,Hapes Consortium
Harrin,Harrin,6,-167,The Faerytail Family
Harron,Teljkon,150,0,Confederacy of Independent Systems
Herglic Space,Giju,-50,-100,Quests
Herglic Space,Whelori,-38,-107,Galactic Empire
Herios,Excarga,391,-246,-ARK-
Herios,Herios,382,-211,-ARK-
Herios,Holador,405,-220,-ARK-
Herios,Illarreen,420,-219,-ARK-
Herios,K749,408,-210,-ARK-
Hevvrol,Cularin,-120,160,Rendili StarDrive
Hevvrol,Glom Tho,-123,172,Interstellar Parcel Service
Hevvrol,Kalarba,-128,174,Confederacy of Independent Systems
Hewett,Hewett,55,235,Son-tuul Pride
Hewett,Vectinia,45,236,Dread
Hijoian Space,Hijoian,-105,160,Aurodium Legion
Hollan,Mapuzo,37,202,Endless Endeavors
Hollan,Vretha,47,210,Endless Endeavors
Homon,Homon,55,209,The Restored Empire
Hook Nebula,Hook Nebula,168,-317,Independent
Hook Nebula,Nulan,158,-323,-ARK-
Hook Nebula,Santarine,161,-315,-ARK-
Humbarine,Humbarine,78,30,Galactic Empire
Humbarine,Lolnar,44,22,Galactic Empire
Humbarine,Loretto,64,17,Galactic Empire
Humbarine,Mawan,64,26,Galactic Empire
Humbarine,Perma,42,30,Galactic Empire
Humbarine,Pria,66,39,Galactic Empire
Humbarine,Recopi,55,20,Galactic Empire
Humbarine,Ruul,60,35,Galactic Empire
Humbarine,Sarapin,52,30,Galactic Empire
Humbarine,Seyugi,74,22,Galactic Empire
Humbarine,Trellen,61,32,Galactic Empire
Hunnovers,Arvala,330,-260,Jawa Offworld Enterprises
Hutt Space,Ardos,355,5,Eidola Pirates
Hutt Space,Bootana Hutta,353,34,Eidola Pirates
Hutt Space,Cha Raaba,397,-20,Eidola Pirates
Hutt Space,Cyborrea,343,93,Dukha Industrial
Hutt Space,Moralan,390,40,Knights of the Fountain
Hutt Space,Nar Kaaga,325,-77,Eidola Pirates
Hutt Space,Nimban,340,60,Darkness
Hutt Space,Pybus,348,30,Eidola Pirates
Hutt Space,Saki,351,-14,The Faerytail Family
Hutt Space,Si`Klaata Cluster,360,120,Eidola Pirates
Hutt Space,Toydaria,319,17,Tresario Star Kingdom
Hutt Space,Usk,385,35,Knights of the Fountain
Hutt Space,Y`Toub,325,-20,Eidola Pirates
I-Sector,Mirial,247,351,Quests
I-Sector,Serpine,253,363,Trade Federation
Illodia,Dahrtag,-78,-70,Mecrosa
Illodia,Illodia,-60,-80,Mecrosa
Inner Cluster,Prindaar,116,-44,Tenloss Syndicate
Inner Cluster,Pyrshak,136,12,Tenloss Syndicate
Inner Cluster,Teke Ro,128,19,Tenloss Syndicate
Instrop,Dagu,399,-266,Blue Star Dominion
Instrop,Partold,365,-245,-ARK-
Instrop,Rannon,380,-267,-ARK-
Instrop,Venedlia,347,-270,-ARK-
Instrop,Vlemeth Port,387,-279,-ARK-
Iotran Expanse,Iotran,346,134,Eidola Pirates
Irishi,Seltaine,-47,253,Aurodium Legion
Japrael,Japrael,160,85,Mandalore
Jaso,Polith,15,-136,Galactic Empire
Jaso,Tauber,15,-145,Galactic Empire
Javin,Anoat,-65,-337,The Exchange
Javin,Bespin,-66,-333,Total Outer Rim
Javin,Hoth,-65,-340,Total Outer Rim
Javin,Javin,-65,-320,Total Outer Rim
Jjannex,Feenicks,-15,-360,Total Outer Rim
Jjannex,Jjannex,-12,-340,Total Outer Rim
Jjannex,Reltean,-30,-365,Total Outer Rim
Jjannex,Yunkor,-13,-358,Total Outer Rim
Jospro,Chad,320,210,Quests
Jubilar,Yaled,396,195,Tresario Star Kingdom
Juvex,Loovria,-20,-310,Endless Endeavors
Kalamith,Toprawa,190,302,Veritas Press
Kallea,Delrakkin,-50,-477,Krath Empire
Kallea,Imynusoph,-72,-470,Krath Empire
Kallea,Terminus,-55,-459,Krath Empire
Kanchen,Davnar,-61,99,Aurodium Legion
Kanchen,Pakrik,-72,98,Aurodium Legion
Kanz,Lorrd,99,357,Dukha Industrial
Kastolar,Blimph,271,80,Sienar Fleet Systems
Kastolar,Chalacta,297,72,Sienar Fleet Systems
Kastolar,Durkteel,265,71,Sienar Fleet Systems
Kastolar,Hathrox,293,62,Sienar Fleet Systems
Kastolar,Moobia,281,73,Sienar Fleet Systems
Kastolar,Nativum,288,89,Sienar Fleet Systems
Kastolar,Nauton,267,86,Sienar Fleet Systems
Kastolar,Sabrash,293,84,Sienar Fleet Systems
Kastolar,Sneeve,260,76,Sienar Fleet Systems
Kastolar,Ubrikkia,273,55,Sienar Fleet Systems
Kastolar,Yitabo,262,51,Sienar Fleet Systems
Kathol,Aaris,57,-464,Krath Empire
Kathol,Exocron,70,-481,Krath Empire
Kathol,Jangelle,61,-469,Krath Empire
Kathol,Kal`Shebbol,58,-460,Krath Empire
Kathol,Kathol,63,-467,Krath Empire
Kathol,Kathol Rift,69,-482,Krath Empire
Kathol,Kolatill,61,-462,Krath Empire
Kathol,Nah`Malis,68,-478,Krath Empire
Kathol,Oon Tien,63,-463,Krath Empire
Kathol,Ott,60,-466,Krath Empire
Kathol,Pembric,58,-468,Krath Empire
Kathol,Pitann,63,-471,Krath Empire
Kathol,Qu`mock,63,-478,Krath Empire
Kathol,Sapella,59,-472,Krath Empire
Kathol,Sebiris,57,-466,Krath Empire
Kathol,Shatuun,69,-480,Krath Empire
Kathol,Uukaablis,65,-480,Krath Empire
Kesh,Dousc,3,251,Alliance of Mercenary Consortiums
Kessel,Honoghr,405,63,Mandalore
Kessel,Kessa,396,72,Mandalore
Kessel,The Maw,395,71,Independent
Khuiumin,Kheedar,150,-370,Kolohe Mining Group MK2
Kiffex,Azurbani,-10,-130,Darkness
Kira CW,Derra,71,-166,Darkness
Kira CW,Woostri,89,-179,Total Outer Rim
Kira RW,Tyus Cluster,65,-238,Independent
Kliap,Vasuuli,-23,118,Galactic Empire
Klina,Fokask,329,-106,Mando`ade
Kokash,Kokash,-78,48,Aurodium Legion
Kokash,Morath Nebula,-100,50,Aurodium Legion
Kokash,Phracas,-90,67,Aurodium Legion
Koradin,Coveway,-147,-323,Confederacy of Independent Systems
Koro-Teta,Cambria,19,53,Galactic Empire
Koro-Teta,Dremulae,24,50,Galactic Empire
Koro-Teta,Empress Teta,-19,55,Galactic Empire
Koro-Teta,Had Abbadon,10,45,Galactic Empire
Koro-Teta,Iope,-10,63,Galactic Empire
Koro-Teta,Keeara Major,-24,51,Galactic Empire
Koro-Teta,Kuar,-22,59,Tenloss Syndicate
Koro-Teta,Starswarm Cluster,-12,62,Independent
Koro-Teta,Symbia,-25,55,Galactic Empire
Koro-Teta,Thoadeye,31,33,Galactic Empire
Koro-Teta,Vulpter,5,57,Galactic Empire
Krenher,Galvoni,-30,98,Galactic Empire
Krenher,Hyabb,-45,100,Galactic Empire
Krenher,Voon,-42,104,Galactic Empire
Kriz,Banvhar,-48,-372,TIEFE
Kriz,Berrol`s Donn,-63,-375,Chir’dorna
Kriz,Black Hole of Quintas,-65,-393,Independent
Kriz,Gunthar,-70,-370,Chir’dorna
Ktilac Regions,Berri,90,113,Trade Federation
Ktilac Regions,Colla,100,125,Trade Federation
Ktilac Regions,Ktil,125,122,Trade Federation
Kuat,Fedalle,50,54,Galactic Empire
Kuat,Glithnos,43,60,Galactic Empire
Kuat,Kuat,70,53,Galactic Empire
Kuat,Leria Kersil,43,40,Galactic Empire
Kuat,Raxxa,67,54,Galactic Empire
Kuat,Talravin,57,43,Galactic Empire
Kuat,Vuma,37,49,Galactic Empire
Lambda,Algara,225,-205,Falleen Federation
Lambda,Ando,245,-210,Falleen Federation
Lambda,Horos,200,-260,Falleen Federation
Lambda,Matacorn,207,-240,Falleen Federation
Lambda,Mon Gazza,242,-220,Falleen Federation
Lambda,Moravia,200,-245,Falleen Federation
Lambda,Mordis,213,-225,Falleen Federation
Lambda,Raquish,230,-197,Falleen Federation
Lambda,Rintonne,191,-201,Falleen Federation
Lambda,Secundus Ando,240,-210,Falleen Federation
Lambda,Thape,246,-205,Falleen Federation
Lambda,Xandil,235,-248,Falleen Federation
Lambda,Zolan,206,-226,Falleen Federation
Lantillian,Lantillies,195,140,Independent
Likasha,Darie,258,-167,Falleen Federation
Likasha,Denubba,253,-172,Falleen Federation
Likasha,Likasha,246,-178,Falleen Federation
Lol,Drexel,242,-355,TIEFE
Lol,Lol,246,-338,Jedi Order
Lostar II,Denhui,50,180,Quests
Lytton,Broest,15,65,Galactic Empire
Lytton,Kailor,17,68,Galactic Empire
Lytton,Palawa,25,70,Galactic Empire
Lytton,Spira,-10,73,Galactic Empire
Lytton,Wukkar,10,74,Galactic Empire
Lytton,Xorth,23,64,Galactic Empire
Lytton,Yulant,-3,72,Galactic Empire
Lytton,Zug,4,70,Galactic Empire
Maldrood,Abhean,285,200,Tresario Star Kingdom
Maldrood,Anzat,317,185,Tresario Star Kingdom
Maldrood,Besh Gorgon,306,198,Quests
Maldrood,Bryx,293,178,Tresario Star Kingdom
Maldrood,Centares,288,213,Tresario Star Kingdom
Maldrood,New Holstice,300,193,Tresario Star Kingdom
Mandalore,Concord Dawn,141,207,Mandalore
Mandalore,Draboon,149,210,Mandalore
Mandalore,Gargon,141,220,Mandalore
Mandalore,Mandalore,158,216,Mandalore
Mandalore,Ordo,150,217,Mandalore
Mandalore,Vorpa`ya System,157,225,Mandalore
Marasa Nebula,Marasa,144,31,Deep Automation Mining Nexus
Mayagil,Colu,55,-350,Rebel Alliance
Mayagil,H`nemthe,80,-344,Rebel Alliance
Mayagil,Oetrago,67,-347,Rebel Alliance
Mayagil,Triton,58,-356,Rebel Alliance
Mayagil,Xagobah,87,-329,Rebel Alliance
Meerian,Bandomeer,136,243,Mandalore
Meerian,Marcellus,130,230,Mandalore
Meerian,Thorsgild,120,232,Mandalore
Meerian,Vanquo,143,234,Mandalore
Meridian,Chorios,274,237,The Antarian Rangers
Meridian,Pedducis Chorios,289,231,Kilsyth Guards
Meridian,Till Chorios,303,235,Tresario Star Kingdom
Mieru'kar,Ibanjji,123,370,Black Sun
Mieru'kar,Jentares,110,380,Black Sun
Mieru'kar,Malicar,94,402,Black Sun
Mieru'kar,Qella,155,385,Black Sun
Mieru'kar,Sartoy,89,439,Black Sun
Mieru'kar,Tiragga,98,371,Black Sun
Minos,Adarlon,60,-440,Krath Empire
Minos,Haven,67,-453,Krath Empire
Minos,Karideph,60,-447,Krath Empire
Minos,Mestra,62,-429,Krath Empire
Minos,Pergitor,60,-453,Krath Empire
Minos,Shesharile,70,-450,Krath Empire
Minos,Teh`Jar,56,-444,Krath Empire
Minos,Travnin,52,-431,Krath Empire
Minos,Yelsain,68,-425,Darkness
Moddell,Annaj,-188,-262,Trade Federation
Moddell,Ast Kikorie,-201,-253,Trade Federation
Moddell,Din,-194,-255,Trade Federation
Moddell,Endor,-199,-255,Trade Federation
Moddell,Endor Gate,-200,-255,Independent
Moddell,Kuna`s Eye,-192,-260,Trade Federation
Moddell,Kuna`s Fist,-194,-259,Trade Federation
Moddell,Kuna`s Horn,-192,-258,Trade Federation
Moddell,Kuna`s Tail,-196,-258,Trade Federation
Moddell,Kuna`s Tooth,-190,-259,Trade Federation
Moddell,Maya Kovel,-182,-255,Trade Federation
Moddell,Murk,-195,-256,Trade Federation
Moddell,Ovise,-186,-260,Trade Federation
Moddell,Qina,-187,-256,Trade Federation
Moddell,Sanyassa,-202,-256,Trade Federation
Moddell,Thonner,-184,-257,Trade Federation
Moddell,Trindello,-190,-255,Trade Federation
Moddell,UR-1060,-194,-252,Trade Federation
Moddell,UR-2650,-192,-251,Trade Federation
Moddell,UR-3741,-197,-253,Trade Federation
Moddell,UR-8827,-191,-253,Trade Federation
Moddell,UR-9353,-190,-251,Trade Federation
Moddell,Vasha,-184,-251,Trade Federation
Moddell,Vex,-186,-252,Trade Federation
Moddell,Zorbia,-195,-253,Trade Federation
Mondress,Mondress,-114,180,Alliance of Mercenary Consortiums
Morobe,Morobe,91,-1,One Nation Under Jou
Morobe,Petabys Conflict Zone,100,5,Independent
Morshdine,Camden,145,343,Confederacy of Independent Systems
Morshdine,Nichen,154,299,Outland Mining Corporation
Mortex,Iliabath,315,339,Galactic Empire
Mortex,Kestel,326,334,Galactic Empire
Mortex,Pal Goral,317,331,Galactic Empire
Mytaranor,Chamble,212,103,The Faerytail Family
Mytaranor,Eberon,224,93,The Faerytail Family
Mytaranor,Kashyyyk,210,90,The Faerytail Family
Mytaranor,Messert,245,75,The Faerytail Family
Mytaranor,Ota,230,63,The Faerytail Family
Mytaranor,Rakhuuun,220,78,The Faerytail Family
Mytaranor,Randon,235,62,The Faerytail Family
Mytaranor,Tholatin,238,88,The Faerytail Family
Myto,Dubrillion,-41,399,Dukha Industrial
Narvath,Flarestar,159,-126,Falleen Federation
Narvath,Iktotch,159,-112,Falleen Federation
Neshig,Corvanni,94,87,Hapes Consortium
Neshig,H'ratth,102,74,Hapes Consortium
Neshig,Manress,124,92,Trade Federation
Neshig,Vorsia,96,90,Trade Federation
Nijune,Zrak,125,337,Confederacy of Independent Systems
Nilgaard,Kaelta,374,303,Quests
Nilgaard,Quermia,352,310,The Menagerie
Noonian,Noonian,50,250,Centrepoint Space Station
Noonian,Rol,63,243,Rol Recycling Corporation
Nouane,Asrat,110,153,Trade Federation
Nouane,Nouane,80,175,Trade Federation
Nouane,Obroa,125,165,Trade Federation
Nouane,Phateem,81,170,Trade Federation
Nuiri,Resh,269,245,Darkness
Nuiri,Vjun,255,230,Tresario Star Kingdom
Null Zone,Belovia,207,-94,Total Outer Rim
Obtrexta,Muunilinst,-60,355,Darkness
Ojoster,Bretta,95,225,Mandalore
Ojoster,Jebble,110,220,Mandalore
Ojoster,Okyaab,125,215,Mandalore
Ojoster,Suurja,100,215,Mandalore
Ojoster,Taris,115,228,Eidola Pirates
Ojoster,Tarnith,106,228,Mandalore
Ojoster,Wayland,115,205,Mandalore
Ojoster,Xartun,130,220,Mandalore
Ollonir Boundaries,Pyria,-69,116,The Invid Order
Oricho,Avindia,53,258,Quests
Orus,Chazwa,75,133,Trade Federation
Orus,Filordis,95,154,Trade Federation
Orus,Hijarna,60,130,Trade Federation
Orus,Joiol,66,128,Trade Federation
Orus,Mantesa,60,145,Trade Federation
Orus,Omonoth,42,135,Trade Federation
Orus,Poderis,69,136,Trade Federation
Orus,Relatta,93,132,Trade Federation
Orus,Taspan,45,152,Trade Federation
Ottega,Ottega,29,233,Centrepoint Space Station
Pacanth Reach,Bunduki,-220,-230,Trade Federation
Pacanth Reach,Fornow,-225,-235,Trade Federation
Pacanth Reach,Panatha,-215,-225,Trade Federation
Pacanth Reach,Ravaath,-222,-222,Trade Federation
Pacanth Reach,Sorimow,-213,-233,Trade Federation
Pakuuni,Codru,398,257,Quests
Pakuuni,Crseih,403,280,Independent
Pakuuni,Daltarra,423,266,Mandalore
Parfadi,Black Nebula,64,-61,Independent
Parmel,Gosho,154,-344,TIEFE
Parmorak,Hemei,30,-27,Galactic Empire
Parmorak,Karvoss,38,-20,Galactic Empire
Parmorak,Shumogi,40,-36,Galactic Empire
Pelgrin,Pelgrin,311,-323,Quests
Perinn,Brodo Asogi,-111,342,Quests
Perinn,Cantras Gola,-104,341,Guri-n Krayt
Periphery,Ka`Dedus,360,138,Quests
Periphery,Sriluur,370,127,Eidola Pirates
Phelleem,Jabiim,350,195,Eidola Pirates
Phu,Candoria,-82,-80,Mecrosa
Phu,Hjaff,-86,-71,Mecrosa
Phu,Phu,-70,-100,Mecrosa
Phu,Trunska,-80,-92,Mecrosa
Ploo,Leafar,80,190,Freelancers Alliance
Ploo,Serroco,100,195,Darkness
Prackla,Gravan,152,157,Trade Federation
Praxlis,Praxlis,-72,48,Aurodium Legion
Prefsbelt,Carlac,-54,263,Quests
Prefsbelt,Comra,-68,297,Alliance of Mercenary Consortiums
Qiilura,Qiilura,-26,203,Zann
Quanta,Chasin,58,-40,Galactic Empire
Quanta,Tinnel,65,-27,Galactic Empire
Quelii,Cathar Prime,118,270,Mandalore
Quelii,Fere,122,250,Mandalore
Quelii,Pil Diller,124,268,Mandalore
Quelii,Vahaba Asteroid Belt,140,260,Koensayr Manufacturing
Quelii,Vinsoth,130,257,Darkness
Quence,Shogun,170,-350,Krath Empire
Quess,Trevi,115,-272,Rebel Alliance
Questal,Questal,-80,-50,Mecrosa
Quiberon,Dorande,429,-186,Krath Empire
Quiberon,Epsom,376,-184,Krath Empire
Quiberon,Inat,434,-170,Krath Empire
Quiberon,Lyran,370,-174,Krath Empire
Quiberon,Quiberon,358,-199,Krath Empire
Quiberon,R-Duba,417,-172,Krath Empire
Quiberon,Rothana,400,-195,Krath Empire
Rachuk,Neimoidian Purse Worlds,94,18,Galactic Empire
Raioballo,Gravlex Med,-9,347,Darkness
Rayter,Najarka,-91,-366,Total Outer Rim
Rayter,Seven Flames,-99,-391,Total Outer Rim
Reecee,Reecee,-107,138,Aurodium Legion
Relgim,Ord Biniir,10,323,Black Sun
Relgim,Ord Trasi,-4,328,Dukha Industrial
Renillis,Mechis,29,-147,The Faerytail Family
Rolion,Indu San,231,222,Children of Turul
Rolion,Kattellyn,241,221,Children of Turul
Rolion,Maridun,249,253,Darkness
Rseik,Ma`ar Shaddam,112,-428,Rogue Squadron
Rseik,Spindrift,90,-440,Byblos Drive Yards
Rseik,Taroon,120,-418,Total Outer Rim
Rseik,Vestar,103,-452,Byblos Drive Yards
Saijo,Drup,-73,-443,Zann
Samix,Sabrixin,250,-400,TIEFE
Savareen,Koobi,262,-263,Rebel Alliance
Savareen,Savareen,276,-256,Rebel Alliance
Savareen,Tyrius,276,-245,Rebel Alliance
Savareen,Tythe,265,-260,Rebel Alliance
Sector 5,Constancia,-30,-33,Galactic Empire
Sector 5,Crystan,-9,-37,Galactic Empire
Sector 5,Dulvoyinn,-25,-37,Galactic Empire
Sector 5,Ebaq,27,10,Galactic Empire
Sector 5,Eclipse,25,-5,Galactic Empire
Sector 5,Galactic Center,0,0,Independent
Sector 5,Hakassi,31,7,Galactic Empire
Sector 5,Kalist,-30,-20,Galactic Empire
Sector 5,Khomm,-10,-40,Galactic Empire
Sector 5,Lialic,-33,-30,Galactic Empire
Sector 5,Ojom,27,0,Galactic Empire
Sector 5,Ottabesk,31,4,Galactic Empire
Sector 5,Prakith,-43,38,Galactic Empire
Sector 5,Tsoss Beacon,-12,30,Galactic Empire
Sector 5,Tython,-18,43,Galactic Empire
Sector 5,Zamael,-30,-25,Galactic Empire
Seitia,Barkhesh,-48,-400,Krath Empire
Seitia,Manpha,-57,-421,Krath Empire
Seitia,Seitia Prime,-90,-420,Krath Empire
Senex,Cal,-2,-309,Darkness
Sepan,Kayuk,184,-104,Total Outer Rim
Sepan,Mek va Uil,187,-103,Partisans
Sern,Albrae-Don,-20,-112,XXX MINERS
Sern,Claer,-16,-113,XXX MINERS
Sern,Ghorman,-10,-113,XXX MINERS
Sern,Sern,-13,-114,XXX MINERS
Sertar,Elom,313,312,Quests
Sertar,Kazarak,310,293,Tion Hegemony
Sertar,Sembla,322,291,Quests
Seswenna,Averam,50,-339,Total Outer Rim
Seswenna,Eriadu,55,-327,Total Outer Rim
Seswenna,Seswenna,67,-329,Total Outer Rim
Seswenna,Uvena,72,-310,Total Outer Rim
Sevetta,Kowak,385,-239,Rebel Alliance
Sevetta,Woldona,370,-230,Blue Star Dominion
Shadola,Baummu,428,180,Alissma
Shadola,Gand,415,167,Shadola United
Shadola,Maldra,420,171,Shadola United
Shadola,Skeebo,434,172,Shadola United
Shataum,Kroctar,105,184,Outland Mining Corporation
Shwuy,Uviuy Exen,1,122,Galactic Empire
Sith Worlds,Ashas Ree,284,327,Galactic Empire
Sith Worlds,Athiss,281,344,Galactic Empire
Sith Worlds,Begeren,282,331,Galactic Empire
Sith Worlds,Bhargebba,296,340,Galactic Empire
Sith Worlds,Bosthirda,288,318,Galactic Empire
Sith Worlds,Ch`hodos,289,334,Galactic Empire
Sith Worlds,Dromund,293,321,Galactic Empire
Sith Worlds,Horuset,283,314,Galactic Empire
Sith Worlds,Jaguada,295,325,Galactic Empire
Sith Worlds,Kalsunor,280,329,Galactic Empire
Sith Worlds,Khar Delba,312,327,Galactic Empire
Sith Worlds,Korriz,276,344,Galactic Empire
Sith Worlds,Krayiss,309,333,Galactic Empire
Sith Worlds,Nfolgi,305,337,Galactic Empire
Sith Worlds,Nicht Ka,276,323,Galactic Empire
Sith Worlds,Rhelg,310,320,Galactic Empire
Sith Worlds,Svolten,300,344,Galactic Empire
Sith Worlds,Ziost,283,337,Galactic Empire
Skine,Wodenstam,220,-370,TIEFE
Sloo,Lorahns,217,-138,Jedi Order
Sloo,Sanza,201,-130,Triumvirate Coalition
Sluis,Bpfassh,52,-384,Rebel Alliance
Sluis,Canoliss,53,-365,Rebel Alliance
Sluis,Dagobah,59,-390,Jedi Order
Sluis,Denab,57,-383,Rebel Alliance
Sluis,Hysalria,42,-376,Rebel Alliance
Sluis,Kerest,40,-371,Rebel Alliance
Sluis,Orto,50,-370,Rebel Alliance
Sluis,Praesitlyn,58,-375,Rebel Alliance
Sluis,Sluis,48,-380,Rebel Alliance
Sombure,Balis-Baurgh,-80,-275,Czerka Corporation
Sombure,Chibias,-35,-280,Czerka Corporation
Sombure,D`rinba,-40,-275,Czerka Corporation
Sombure,Kaliska,-63,-273,Czerka Corporation
Sombure,Sibisime,-50,-270,Czerka Corporation
Spadja,Hermos,292,283,Tion Hegemony
Spinward,Xo,90,460,The Antarian Rangers
Sprizen,Asher,122,302,Confederacy of Independent Systems
Steniplis,Drong,25,-363,Jedi Order
Stensen,Caaraz,-168,-255,Alpha Medical Corporation
Stensen,Elatha,-170,-270,Alpha Medical Corporation
Stensen,Ghothia,-160,-270,Alpha Medical Corporation
Stensen,Magar`s World,-165,-280,Alpha Medical Corporation
Stensen,Sareet,-175,-275,Alpha Medical Corporation
Stensen,Stensen`s Colony,-170,-260,Alpha Medical Corporation
Stensen,Trenwyth,-160,-260,Alpha Medical Corporation
Stensen,Verkuyl,-180,-270,Alpha Medical Corporation
Subterrel,Fwatna,-38,-438,Krath Empire
Subterrel,Polis Massa,-40,-450,Independent
Subterrel,Subterrel,-15,-460,Krath Empire
Sujimis,Alzoc,204,-386,Total Outer Rim
Sumitra,Boordii,130,186,Outland Mining Corporation
Sumitra,Tocan,141,180,Outland Mining Corporation
Suolriep,Boonta,338,161,Tresario Star Kingdom
Svivreni,Svivren,160,-386,Total Outer Rim
Taldot,Balamak,267,109,Triumvirate Coalition
Taldot,Thanos,244,138,Triumvirate Coalition
Tamarin,Sevarcos,93,-371,Eidola Pirates
Tamban,Tamban,-77,67,Aurodium Legion
Tammuz,Chuzalla,380,-134,Krath Empire
Tammuz,Dandelo,372,-162,Krath Empire
Tammuz,Deralia,405,-174,Krath Empire
Tammuz,Magatesso,432,-129,Krath Empire
Tammuz,Tammuz-an,415,-141,Krath Empire
Tandon,Dressel,263,-107,Quests
Tantra,Eedoq,32,-382,The Exchange
Tantra,Farboon,38,-390,Rogue Squadron
Tantra,Tantra,48,-400,TIEFE
Tapani,Bassadro,15,-103,XXX MINERS
Tapani,Fondor,-6,-102,XXX MINERS
Tapani,Lamuir,-4,-100,XXX MINERS
Tapani,Mennaalii,16,-97,The Smugglers Guild
Tapani,Procopia,5,-102,Endless Endeavors
Tapani,Vindalia,-13,-93,XXX MINERS
Tapani,Vycinth,-4,-108,XXX MINERS
Tarabba,Camaria,59,-400,FreiTek Inc.
Tarabba,Utapau,78,-405,Rogue Squadron
Tennuutta,Roche,235,155,Tresario Star Kingdom
Teraab,Drogheda,236,23,Triumvirate Coalition
Teraab,Hoth`s Brand,223,32,Triumvirate Coalition
Teraab,Istic,253,4,Triumvirate Coalition
Teraab,Nanth`ri,245,-24,Triumvirate Coalition
Teraab,Nixor,241,-40,Triumvirate Coalition
Teraab,Pesmenben,230,25,Triumvirate Coalition
Teraab,Tyne`s Horky,232,12,Triumvirate Coalition
Terr'skiar,New Apsolon,204,63,Triumvirate Coalition
Testarr,Andaran,26,-77,Galactic Empire
Testarr,Sestria,30,-70,Galactic Empire
Tharin,Sedri,370,150,Centrepoint Space Station
Thesme,Feriae,171,281,Confederacy of Independent Systems
Thesme,Thesme,160,284,Confederacy of Independent Systems
Thesme,Tierell,169,266,Confederacy of Independent Systems
Thrasybule,Phatrong,191,246,Mandalore
Thrasybule,Syndaar,209,248,Mandalore
Three-Besh,Dallenor,-6,-199,Endless Endeavors
Three-Besh,Kinyen,-15,-215,Darkness
Tion Hegemony,Abraxin,355,277,Tion Hegemony
Tion Hegemony,Brigia,378,249,Tion Hegemony
Tion Hegemony,Folende,336,279,Tion Hegemony
Tion Hegemony,Tion,360,280,Tion Hegemony
Toblain,Yarnil,136,-329,Total Outer Rim
Tolonda,Krmar,280,-335,The Faerytail Family
Tolonda,Oshora,265,-310,Blue Sabre Federation
Tolonda,Tamra,260,-330,Blue Sabre Federation
Torch Nebula,Piluvia,200,-365,TIEFE
Torch Nebula,Shownar,194,-368,TIEFE
Torranix,Salliche,-61,77,Aurodium Legion
Trax,Deysum,240,50,The Faerytail Family
Trax,Lexrul,238,40,The Faerytail Family
Trax,Uogo`cor,241,30,The Faerytail Family
Trilon,Gannaria,-210,-195,The Wraiths
Trilon,Guter Wade,-200,-221,The Wraiths
Trilon,Zaddja,-209,-180,The Wraiths
Tungra,Gam Tim`nisi,-45,-350,Krath Empire
Tunka,Usean,-109,-389,Total Outer Rim
Tynna,Kenosha,123,-100,Bounty Hunters Guild
Tynna,Tynnani,135,-98,Quests
Tynquay,Lorpfan,279,369,Black Sun
Tynquay,Pegg,287,356,Galactic Empire
Uoti,Gekto,-50,95,Galactic Empire
Urce Space,Entuur,3,245,Falleen Federation
Urce Space,Fitca Prime,-7,248,Falleen Federation
Urce Space,Pa`hir`al,0,221,Falleen Federation
Urce Space,Urce,17,231,Falleen Federation
Vannell,Vannell,-72,55,Aurodium Legion
Varada,Bestal,-151,-404,Chir’dorna
Vensensor,Goratak,-70,-220,Confederacy of Independent Systems
Vensensor,Sarrish,-50,-235,Confederacy of Independent Systems
Vensensor,Tar Morden,-40,-200,Confederacy of Independent Systems
Veragi,Pits of Plooma,-9,406,Independent
Veragi,Revyia,-10,460,Black Sun
Vernet,Zuni Cluster,110,-150,Independent
Videnda,Golh,15,-350,Rogue Squadron
Videnda,Obran Cluster,22,-338,Rogue Squadron
Vilonis,Prine,147,-225,Falleen Federation
Vorc,Glee Anselm,-105,195,XXX MINERS
Wazta,Cuthbern,-110,-310,Trade Federation
Wazta,Dorriella,-105,-321,Trade Federation
Wazta,Hassaria,-140,-315,Confederacy of Independent Systems
Wazta,Karinda,-120,-320,Trade Federation
Wazta,Koda,-154,-318,Confederacy of Independent Systems
Wazta,Oko,-100,-330,Trade Federation
Wazta,Ryoone,-135,-310,Confederacy of Independent Systems
Wazta,Slotern,-125,-315,Trade Federation
Wazta,Soarin,-81,-334,Trade Federation
Wazta,Vassek,-123,-303,Trade Federation
Wazta,Wazta,-90,-320,Trade Federation
Weemell,Loedorvia,-61,-40,Rebel Alliance
Western Reaches,Isde Naha,-160,-219,Endless Endeavors
Western Reaches,Jakku,-105,-205,Trade Federation
Western Reaches,Jedha,-125,-195,Outland Mining Corporation
Western Reaches,Takodana,-150,-187,Matukai Dragons
Western Reaches,Twon Ketee,-97,-170,Mecrosa
Wild Space,Huk,-105,360,Darkness
Wild Space,Lasan,-105,358,Quests
Wornal,Bomis Koori,-60,-250,Confederacy of Independent Systems
Wornal,Forntay,-40,-255,Confederacy of Independent Systems
Wyl,Beta Olikark,313,369,Galactic Empire
Wyl,Dostra,300,366,Galactic Empire
Wyl,Dra,310,355,Galactic Empire
Wyl,Glakka,337,362,Galactic Empire
Wyl,Kormoran,315,363,Galactic Empire
Wyl,Lafra,345,363,Galactic Empire
Wyl,X-110,307,365,Galactic Empire
Wyl,Xanlanner,330,360,Galactic Empire
Wyloff,Wynth,-4,137,Galactic Empire
Xappyh,Neelgaimon,275,374,Jawa Offworld Enterprises
Xappyh,Ruuria,273,383,Jawa Offworld Enterprises
Yminis,Alvorine,371,-138,The Mindabaal League
Yucrales,Blathar,292,-172,The Mindabaal League
Yucrales,Leritor,270,-180,The Mindabaal League
Yucrales,Uridia,287,-162,The Mindabaal League
Yushan,Abraxas,-43,-291,Czerka Corporation
Yushan,Bhuna Sound,-63,-304,Czerka Corporation
Yushan,Dalisor,-50,-297,Czerka Corporation
Yushan,Japai,-57,-287,Czerka Corporation
Yushan,Jiroch,-47,-308,Czerka Corporation
Yushan,Rrulinn,-55,-306,Czerka Corporation
Yushan,Yushan,-49,-285,Czerka Corporation
Zaric,Gelviddis Cluster,108,93,Trade Federation
Zaric,Kloper,83,100,Trade Federation
Zaric,Korev,93,94,Trade Federation
Zeemacht Cluster,Dalcretti,128,136,Trade Federation
Zeemacht Cluster,Taanab,150,135,Trade Federation
Zeemacht Cluster,Tirahnn,110,135,Trade Federation
Zoraster,Dodz,423,-100,Galentro Heavy Works
Zuma,Abbaji,-177,-255,Kolkpravis
Zuma,Firrerre,-195,-245,Trade Federation
Zuma,Fusai,-180,-240,Trade Federation
Zuma,Houche,-190,-230,Trade Federation
Zuma,Nibiru,-185,-237,Trade Federation
Zuma,Rodis,-190,-270,Trade Federation
Zuma,Shalm,-200,-230,Trade Federation
Zuma,Xal,-200,-240,Trade Federation
